WGS_EX2312012_HGWCNDSX7_S16_L001_R1_001.fastq.gz	AGTCCCTACCAGAGTGAAGTGCCTCTGCAGA	1
WGS_EX2312012_HGWCNDSX7_S16_L001_R1_001.fastq.gz	AGTCCCTACCAGAGTTAAGTGCCTCTGCAGA	1
WGS_EX2312012_HGWCNDSX7_S16_L001_R1_001.fastq.gz	GGCCTCATCATTGGCATTCAGAATCCGCACA	3
WGS_EX2312012_HGWCNDSX7_S16_L001_R1_001.fastq.gz	GGCCTCATCATTGGCCTTCAGAATCCGCACA	3
WGS_EX2312012_HGWCNDSX7_S16_L001_R1_001.fastq.gz	TCTGCAGAGGCACTTCACTCTGGTAGGGACT	1
WGS_EX2312012_HGWCNDSX7_S16_L001_R1_001.fastq.gz	TGTGCGGATTCTGAAGGCCAATGATGAGGCC	1
WGS_EX2312012_HGWCNDSX7_S16_L001_R1_001.fastq.gz	TGTGCGGATTCTGAATGCCAATGATGAGGCC	1
WGS_EX2312012_HGWCNDSX7_S16_L001_R2_001.fastq.gz	AGTCCCTACCAGAGTGAAGTGCCTCTGCAGA	2
WGS_EX2312012_HGWCNDSX7_S16_L001_R2_001.fastq.gz	AGTCCCTACCAGAGTTAAGTGCCTCTGCAGA	3
WGS_EX2312012_HGWCNDSX7_S16_L001_R2_001.fastq.gz	GGCCTCATCATTGGCATTCAGAATCCGCACA	1
WGS_EX2312012_HGWCNDSX7_S16_L001_R2_001.fastq.gz	TCTGCAGAGGCACTTAACTCTGGTAGGGACT	2
WGS_EX2312012_HGWCNDSX7_S16_L001_R2_001.fastq.gz	TCTGCAGAGGCACTTCACTCTGGTAGGGACT	3
WGS_EX2312012_HGWCNDSX7_S16_L001_R2_001.fastq.gz	TGTGCGGATTCTGAAGGCCAATGATGAGGCC	1
WGS_EX2312012_HGWCNDSX7_S16_L001_R2_001.fastq.gz	TGTGCGGATTCTGAATGCCAATGATGAGGCC	2
WGS_EX2312012_HGWCNDSX7_S16_L002_R1_001.fastq.gz	AGTCCCTACCAGAGTGAAGTGCCTCTGCAGA	1
WGS_EX2312012_HGWCNDSX7_S16_L002_R1_001.fastq.gz	AGTCCCTACCAGAGTTAAGTGCCTCTGCAGA	2
WGS_EX2312012_HGWCNDSX7_S16_L002_R1_001.fastq.gz	GGCCTCATCATTGGCATTCAGAATCCGCACA	1
WGS_EX2312012_HGWCNDSX7_S16_L002_R1_001.fastq.gz	TCTGCAGAGGCACTTAACTCTGGTAGGGACT	2
WGS_EX2312012_HGWCNDSX7_S16_L002_R1_001.fastq.gz	TGTGCGGATTCTGAAGGCCAATGATGAGGCC	1
WGS_EX2312012_HGWCNDSX7_S16_L002_R1_001.fastq.gz	TGTGCGGATTCTGAATGCCAATGATGAGGCC	1
WGS_EX2312012_HGWCNDSX7_S16_L002_R2_001.fastq.gz	AGTCCCTACCAGAGTGAAGTGCCTCTGCAGA	2
WGS_EX2312012_HGWCNDSX7_S16_L002_R2_001.fastq.gz	GGCCTCATCATTGGCATTCAGAATCCGCACA	1
WGS_EX2312012_HGWCNDSX7_S16_L002_R2_001.fastq.gz	TCTGCAGAGGCACTTCACTCTGGTAGGGACT	1
WGS_EX2312012_HGWCNDSX7_S16_L003_R1_001.fastq.gz	TCTGCAGAGGCACTTCACTCTGGTAGGGACT	1
WGS_EX2312012_HGWCNDSX7_S16_L003_R2_001.fastq.gz	AGTCCCTACCAGAGTGAAGTGCCTCTGCAGA	1
WGS_EX2312012_HGWCNDSX7_S16_L003_R2_001.fastq.gz	AGTCCCTACCAGAGTTAAGTGCCTCTGCAGA	1
WGS_EX2312012_HGWCNDSX7_S16_L003_R2_001.fastq.gz	GGCCTCATCATTGGCCTTCAGAATCCGCACA	2
WGS_EX2312012_HGWCNDSX7_S16_L003_R2_001.fastq.gz	TCTGCAGAGGCACTTAACTCTGGTAGGGACT	1
WGS_EX2312012_HGWCNDSX7_S16_L003_R2_001.fastq.gz	TGTGCGGATTCTGAAGGCCAATGATGAGGCC	1
WGS_EX2312012_HGWCNDSX7_S16_L004_R1_001.fastq.gz	AGTCCCTACCAGAGTTAAGTGCCTCTGCAGA	1
WGS_EX2312012_HGWCNDSX7_S16_L004_R1_001.fastq.gz	GGCCTCATCATTGGCATTCAGAATCCGCACA	1
WGS_EX2312012_HGWCNDSX7_S16_L004_R1_001.fastq.gz	GGCCTCATCATTGGCCTTCAGAATCCGCACA	2
WGS_EX2312012_HGWCNDSX7_S16_L004_R1_001.fastq.gz	TCTGCAGAGGCACTTCACTCTGGTAGGGACT	2
WGS_EX2312012_HGWCNDSX7_S16_L004_R1_001.fastq.gz	TGTGCGGATTCTGAAGGCCAATGATGAGGCC	2
WGS_EX2312012_HGWCNDSX7_S16_L004_R2_001.fastq.gz	AGTCCCTACCAGAGTTAAGTGCCTCTGCAGA	1
WGS_EX2312012_HGWCNDSX7_S16_L004_R2_001.fastq.gz	TCTGCAGAGGCACTTAACTCTGGTAGGGACT	2
WGS_EX2312012_HGWCNDSX7_S16_L004_R2_001.fastq.gz	TCTGCAGAGGCACTTCACTCTGGTAGGGACT	1
